Coach_ID,Coach_Name,Coach_type,Team_Name
111,"lasith Malinga","Bowling coach","Mumbai Indians"
112,"Rajiv Kumar","Fielding coach","Chennai Super Kings"
113,"Brian Lara","Batting coach","Sunrisers Hyderabad"
114,"Brendon McCullum","Batting coach","Kolkata Knight Riders"
115,"Adam Griffith","Bowling coach","Royal Challengers Bangalore"
116,"Biju George","Fielding coach","Delhi Capitals"
117,"Wasim Jaffer","Batting coach","Punjab Kings"
118,"Amol Muzumdar","Batting coach","Rajasthan Royals"
119,"Dwayne Bravo","Bowling coach","Chennai Super Kings"
120,"James Pamment","Fielding coach","Mumbai Indians"
121,"Shane Bond","Bowling coach","Rajasthan Royals"
122,"Pravin Amre","Batting coach","Delhi Capitals"
123,"Dale Steyn","Bowling coach","Sunrisers Hyderabad"
124,"Ten Doeschate","Fielding coach","Kolkata Knight Riders"
125,"Charl Langeveldt","Bowling coach","Punjab Kings"
126,"Adam Griffith","Batting coach","Royal Challengers Bangalore"
127,"Kieron Pollard","Batting coach","Mumbai Indians"
128,"Micheal Hussey","Batting coach","Chennai Super Kings"
129,"Narendra Singh Negi","Fielding coach","Gujarat Titans"
130,"James Hopes","Bowling coach","Delhi Capitals"
131,Rohit,"Fielding coach","Lucknow Super Giants"
132,"Bharat Arun","Bowling coach","Kolkata Knight Riders"
133,"Trevor Bayliss","Fielding coach","Punjab Kings"
134,"Malolan Rangarajan","Fielding coach","Royal Challengers Bangalore"
135,"Aashish Kapoor","Bowling coach","Gujarat Titans"
136,"Gary Kirsten","Batting coach","Gujarat Titans"
137,"Gautam Gambhir","Batting coach","Lucknow Super Giants"
138,"Morne Morkel","Bowling coach","Lucknow Super Giants"
139,"Hemang Badani","Fielding coach","Sunrisers Hyderabad"
140,"Dishant Yagnik","Fielding coach","Rajasthan Royals"
